{"stats":{"minecraft:broken":{"anthropology_items__structures:hunters_machete":1,"minecraft:iron_boots":1,"minecraft:iron_leggings":1,"minecraft:diamond_pickaxe":1,"minecraft:iron_hoe":1,"minecraft:iron_axe":2,"minecraft:iron_pickaxe":4,"minecraft:golden_helmet":4,"minecraft:stone_pickaxe":2,"minecraft:stone_axe":1,"minecraft:flint_and_steel":3},"minecraft:picked_up":{"minecraft:iron_chestplate":2,"minecraft:flower_pot":1,"minecraft:anvil":3,"mekanism:raw_uranium":6,"minecraft:lead":5,"minecraft:stone_slab":4,"minecraft:oak_stairs":2,"minecraft:enchanted_book":1,"minecraft:brewing_stand":1,"minecraft:golden_sword":3,"botania:mana_tablet":2,"minecraft:amethyst_block":3,"minecraft:polished_blackstone_brick_stairs":5,"minecraft:string":152,"minecraft:dark_oak_trapdoor":1,"create:limestone":1,"irons_spellbooks:graybeard_staff":2,"minecraft:shroomlight":18,"minecraft:diamond_leggings":1,"minecraft:gold_nugget":119,"minecraft:cobbled_deepslate":59,"minecraft:spruce_planks":45,"minecraft:coal_block":8,"minecraft:mangrove_log":6,"minecraft:golden_helmet":3,"minecraft:polished_blackstone_brick_slab":9,"minecraft:acacia_log":24,"cataclysm:kobolediator_skull":1,"minecraft:sandstone_wall":4,"minecraft:golden_axe":1,"minecraft:cherry_log":379,"mekanism:raw_tin":25,"minecraft:rabbit_foot":1,"botania:white_mystical_flower":7,"botania:manasteel_ingot":19,"minecraft:honey_bottle":1,"botania:livingrock":29,"minecraft:red_tulip":1,"minecraft:blaze_rod":10,"botania:blue_double_flower":1,"minecraft:iron_bars":11,"minecraft:magma_block":2,"minecraft:mossy_cobblestone_slab":5,"minecraft:feather":4,"minecraft:cooked_beef":35,"minecraft:water_bucket":1,"minecraft:jungle_log":24,"minecraft:smoker":10,"minecraft:flint":7,"farmersdelight:tomato":1,"minecraft:mangrove_slab":3,"minecraft:lantern":6,"minecraft:brown_candle":2,"cataclysm:koboleton_bone":23,"irons_spellbooks:iron_spell_book":2,"minecraft:stonecutter":1,"minecraft:rabbit":1,"minecraft:moss_block":8,"botania:red_mystical_flower":4,"minecraft:chiseled_polished_blackstone":9,"minecraft:warped_wart_block":14,"minecraft:birch_fence_gate":1,"sophisticatedbackpacks:iron_backpack":3,"minecraft:polished_andesite":2,"minecraft:blue_terracotta":1,"create:crimsite":14,"minecraft:green_concrete":1,"minecraft:deepslate":1,"minecraft:lever":3,"minecraft:miner_pottery_sherd":1,"botania:orange_mushroom":2,"minecraft:granite":177,"minecraft:bread":135,"minecraft:dark_oak_fence":6,"anthropology_items__structures:limestone_brick":1,"minecraft:bricks":1,"minecraft:crimson_roots":28,"sophisticatedbackpacks:gold_backpack":1,"minecraft:crafting_table":15,"minecraft:sandstone_slab":4,"minecraft:nether_wart":11,"minecraft:mourner_pottery_sherd":1,"gravestone:obituary":7,"minecraft:stripped_mangrove_log":6,"minecraft:cornflower":1,"irons_spellbooks:diamond_spell_book":3,"minecraft:red_bed":1,"minecraft:flint_and_steel":2,"minecraft:netherite_scrap":4,"create:scorchia":24,"minecraft:cracked_stone_bricks":1,"minecraft:cartography_table":1,"minecraft:netherite_sword":1,"minecraft:beef":43,"minecraft:iron_nugget":305,"minecraft:spruce_slab":9,"minecraft:quartz_stairs":5,"minecraft:chest":10,"minecraft:birch_sapling":2,"minecraft:egg":5,"minecraft:sandstone":225,"minecraft:raw_gold_block":6,"sophisticatedbackpacks:backpack":3,"botania:purple_mushroom":2,"minecraft:spruce_fence":5,"minecraft:fire_charge":5,"farmersdelight:tomato_seeds":2,"minecraft:skull_pottery_sherd":1,"minecraft:carrot":3,"minecraft:redstone":74,"minecraft:mangrove_trapdoor":1,"minecraft:jungle_sign":1,"botania:black_lotus":5,"minecraft:tnt":667,"minecraft:decorated_pot":1,"minecraft:beetroot_seeds":1,"minecraft:hay_block":7,"botania:blue_mystical_flower":14,"minecraft:sandstone_stairs":49,"minecraft:yellow_terracotta":4,"minecraft:gold_ingot":60,"minecraft:polished_blackstone":2,"botania:green_mystical_flower":1,"minecraft:glow_berries":2,"minecraft:mutton":14,"minecraft:white_wool":56,"minecraft:rail":2,"minecraft:stripped_oak_log":1,"mekanism:raw_lead":7,"minecraft:smooth_red_sandstone":8,"minecraft:tripwire_hook":4,"botania:rune_earth":2,"minecraft:red_mushroom":6,"irons_spellbooks:silver_ring":3,"minecraft:filled_map":1,"minecraft:oak_log":101,"minecraft:ancient_debris":1,"anthropology_items__structures:limestone":8,"minecraft:white_banner":2,"minecraft:birch_pressure_plate":4,"minecraft:apple":1,"minecraft:kelp":1,"minecraft:warped_stem":7,"minecraft:spore_blossom":1,"minecraft:arms_up_pottery_sherd":1,"minecraft:dark_oak_stairs":2,"botania:purple_double_flower":2,"minecraft:cracked_nether_bricks":1,"minecraft:spyglass":1,"minecraft:gravel":93,"minecraft:prize_pottery_sherd":1,"minecraft:spruce_sapling":2,"minecraft:orange_candle":3,"minecraft:crying_obsidian":12,"minecraft:diamond_shovel":1,"botania:orange_mystical_flower":5,"minecraft:polished_blackstone_brick_wall":11,"minecraft:warped_roots":1,"minecraft:lodestone":3,"minecraft:warped_nylium":5,"minecraft:melon_seeds":1,"minecraft:smooth_quartz_slab":1,"botania:brown_mystical_flower":5,"minecraft:hopper":1,"minecraft:ender_pearl":30,"irons_spellbooks:scroll":9,"minecraft:wheat":2,"minecraft:nether_brick_fence":2,"botania:blue_mushroom":2,"minecraft:potion":2,"minecraft:gilded_blackstone":4,"minecraft:nether_brick":38,"botania:rune_water":2,"minecraft:crimson_planks":3,"botania:mana_pearl":2,"minecraft:raw_copper":280,"minecraft:iron_leggings":1,"minecraft:netherite_ingot":1,"irons_spellbooks:arcane_essence":54,"minecraft:tnt_minecart":1,"minecraft:light_weighted_pressure_plate":1,"minecraft:white_tulip":2,"minecraft:rose_bush":1,"minecraft:redstone_torch":4,"minecraft:calcite":14,"minecraft:iron_pickaxe":1,"cataclysm:khopesh":2,"irons_spellbooks:inscription_table":10,"minecraft:iron_boots":3,"minecraft:furnace":5,"minecraft:stick":53,"botania:lexicon":1,"minecraft:jungle_door":1,"minecraft:torch":190,"botania:yellow_mystical_flower":17,"minecraft:porkchop":80,"minecraft:diorite":40,"minecraft:cactus":7,"minecraft:rotten_flesh":113,"botania:light_gray_mystical_flower":33,"create:veridium":14,"mekanism:ingot_osmium":1,"minecraft:obsidian":6,"minecraft:cobblestone":4090,"minecraft:pink_petals":189,"minecraft:lilac":1,"minecraft:magma_cream":3,"minecraft:cherry_planks":114,"minecraft:andesite":34,"minecraft:potato":8,"minecraft:smooth_sandstone_stairs":17,"minecraft:tuff":2,"create:raw_zinc":16,"minecraft:danger_pottery_sherd":1,"minecraft:wither_skeleton_skull":1,"minecraft:lapis_lazuli":172,"minecraft:dirt":7444,"minecraft:cut_sandstone_slab":1,"irons_spellbooks:hogskin":102,"minecraft:bone":91,"botania:cyan_mystical_flower":2,"minecraft:orange_tulip":1,"minecraft:bow":3,"minecraft:wheat_seeds":132,"botania:pink_mystical_flower":9,"minecraft:raw_gold":30,"botania:purple_mystical_flower":15,"botania:manasteel_axe":1,"minecraft:mossy_stone_bricks":5,"minecraft:oak_planks":14,"botania:gray_mystical_flower":4,"minecraft:ghast_tear":1,"irons_spellbooks:fireward_ring":1,"minecraft:cooked_porkchop":15,"minecraft:sand":112,"minecraft:jungle_planks":8,"minecraft:diamond_block":5,"minecraft:cyan_bed":1,"minecraft:jungle_slab":5,"minecraft:spectral_arrow":87,"minecraft:chiseled_sandstone":6,"minecraft:mossy_cobblestone":23,"minecraft:sugar":2,"minecraft:diamond":7,"minecraft:black_concrete":1,"minecraft:soul_lantern":1,"botania:manasteel_sword":1,"minecraft:cracked_polished_blackstone_bricks":5,"minecraft:crossbow":1,"botania:manasteel_pick":2,"minecraft:bone_meal":4,"minecraft:golden_apple":3,"cataclysm:ancient_metal_nugget":9,"minecraft:emerald":17,"cataclysm:sandstone_ignite_trap":12,"minecraft:oak_sapling":4,"minecraft:netherrack":788,"minecraft:allium":2,"minecraft:azure_bluet":4,"minecraft:splash_potion":3,"minecraft:chicken":1,"minecraft:ladder":2,"minecraft:gold_block":115,"botania:manasteel_shovel":1,"minecraft:brick":6,"minecraft:shield":1,"minecraft:item_frame":1,"minecraft:quartz_slab":2,"botania:magenta_mystical_flower":9,"minecraft:blackstone":100,"irons_spellbooks:conjurers_talisman":1,"minecraft:candle":1,"minecraft:oak_boat":1,"minecraft:light_gray_wool":1,"minecraft:lectern":173,"minecraft:sugar_cane":65,"minecraft:spruce_trapdoor":3,"minecraft:phantom_membrane":1,"minecraft:stripped_mangrove_wood":2,"minecraft:raw_iron":244,"minecraft:cherry_stairs":20,"minecraft:copper_ingot":1,"botania:green_mushroom":2,"minecraft:polished_blackstone_bricks":22,"minecraft:cookie":1,"minecraft:purple_terracotta":5,"minecraft:dark_oak_planks":4,"minecraft:arrow":59,"minecraft:weeping_vines":1,"botania:lime_mystical_flower":8,"minecraft:pumpkin_pie":1,"minecraft:nether_bricks":3,"minecraft:black_banner":5,"minecraft:brick_stairs":1,"minecraft:netherite_boots":1,"minecraft:jungle_boat":6,"botania:twig_wand":1,"minecraft:glow_ink_sac":1,"minecraft:salmon":1,"minecraft:cut_sandstone":115,"minecraft:leather":83,"minecraft:birch_planks":1,"cataclysm:bone_reptile_helmet":1,"minecraft:crimson_fungus":1,"minecraft:yellow_bed":4,"minecraft:nether_wart_block":1,"minecraft:gunpowder":37,"immersive_aircraft:gyrodyne":3,"botania:light_blue_mystical_flower":10,"botania:black_mystical_flower":4,"minecraft:orange_terracotta":1,"minecraft:cooked_mutton":5,"irons_spellbooks:common_ink":1,"mekanism:salt":20,"minecraft:smooth_sandstone":14,"minecraft:red_sandstone":2,"minecraft:iron_ingot":38,"minecraft:stripped_oak_wood":1,"immersive_aircraft:airship":4,"irons_spellbooks:cinder_essence":14,"minecraft:soul_sand":16,"sophisticatedbackpacks:diamond_backpack":1,"minecraft:book":19,"minecraft:scaffolding":36,"minecraft:warped_fungus":3,"minecraft:emerald_block":1,"minecraft:quartz":71,"minecraft:dandelion":12,"minecraft:raw_iron_block":4,"minecraft:amethyst_shard":20,"minecraft:blast_furnace":6,"minecraft:white_bed":30,"mekanism:raw_osmium":48,"minecraft:spider_eye":19,"cataclysm:bone_reptile_chestplate":2,"minecraft:iron_helmet":3,"mekanism:fluorite_gem":2,"cataclysm:ancient_metal_ingot":1,"minecraft:cherry_sapling":104,"minecraft:mossy_cobblestone_stairs":4,"minecraft:coal":392},"minecraft:killed_by":{"minecraft:piglin_brute":3,"minecraft:vindicator":1,"minecraft:husk":1,"cataclysm:wadjet":2,"minecraft:player":1},"minecraft:used":{"irons_spellbooks:inscription_table":11,"minecraft:writable_book":2,"immersive_aircraft:airship":4,"minecraft:spruce_slab":7,"minecraft:smooth_quartz_slab":1,"minecraft:ladder":2,"minecraft:chest":4,"minecraft:stone":146,"botania:orange_mushroom":1,"minecraft:jungle_slab":3,"minecraft:bow":98,"minecraft:furnace":17,"minecraft:mangrove_slab":1,"minecraft:egg":5,"minecraft:potato":1,"minecraft:mossy_stone_bricks":4,"minecraft:diorite":12,"minecraft:chorus_fruit":1,"minecraft:cactus":2,"minecraft:blackstone":28,"create:crimsite":1,"minecraft:wooden_pickaxe":20,"minecraft:jungle_boat":7,"minecraft:cookie":1,"minecraft:golden_apple":4,"minecraft:glow_berries":3,"minecraft:sand":16,"minecraft:cut_sandstone_slab":1,"minecraft:blast_furnace":3,"minecraft:purple_terracotta":1,"minecraft:red_sandstone":2,"minecraft:chiseled_sandstone":1,"minecraft:crying_obsidian":1,"botania:purple_mushroom":1,"minecraft:lectern":171,"botania:manasteel_pick":2,"minecraft:fire_charge":1,"minecraft:nether_wart_block":1,"minecraft:oak_boat":1,"minecraft:polished_blackstone_brick_slab":1,"create:limestone":1,"create:veridium":14,"minecraft:cooked_salmon":10,"minecraft:mangrove_fence":1,"minecraft:netherrack":305,"minecraft:torch":672,"minecraft:anvil":1,"minecraft:warped_wart_block":14,"minecraft:iron_axe":498,"minecraft:iron_block":1,"minecraft:cherry_fence_gate":2,"minecraft:diamond_chestplate":1,"minecraft:beef":5,"minecraft:goat_horn":11,"minecraft:cherry_log":21,"minecraft:cobbled_deepslate":1,"minecraft:calcite":3,"minecraft:wheat_seeds":23,"minecraft:water_bucket":5,"minecraft:bundle":2,"minecraft:cherry_planks":1251,"minecraft:fletching_table":1,"minecraft:polished_blackstone_bricks":6,"minecraft:mossy_cobblestone":4,"minecraft:tnt":629,"minecraft:crafting_table":17,"botania:light_blue_mystical_flower":1,"minecraft:white_bed":28,"minecraft:oak_log":4,"minecraft:diamond_pickaxe":3477,"minecraft:diamond_shovel":3197,"minecraft:iron_pickaxe":1070,"minecraft:spruce_sapling":2,"minecraft:pink_bed":2,"minecraft:cobblestone":1409,"minecraft:porkchop":17,"minecraft:cooked_porkchop":15,"minecraft:brush":2,"minecraft:candle":1,"minecraft:cherry_sapling":28,"minecraft:diamond_hoe":136,"minecraft:decorated_pot":1,"minecraft:shield":46,"minecraft:mutton":3,"minecraft:jungle_planks":3,"minecraft:carrot":23,"minecraft:obsidian":5,"minecraft:milk_bucket":1,"minecraft:honey_bottle":2,"minecraft:polished_blackstone_brick_wall":1,"minecraft:warped_nylium":5,"minecraft:mossy_cobblestone_slab":1,"minecraft:raw_gold_block":1,"minecraft:hay_block":2,"minecraft:scaffolding":3,"minecraft:gold_block":4,"minecraft:chiseled_polished_blackstone":3,"minecraft:dark_oak_stairs":2,"minecraft:stone_pickaxe":290,"minecraft:mangrove_planks":39,"minecraft:oak_planks":14,"minecraft:ender_pearl":2,"minecraft:sandstone":31,"minecraft:diamond_axe":647,"minecraft:white_wool":44,"minecraft:black_banner":3,"minecraft:crossbow":18,"minecraft:redstone_torch":2,"minecraft:lever":6,"minecraft:bread":129,"minecraft:string":4,"farmersdelight:ham":4,"minecraft:deepslate":13,"minecraft:gravel":33,"minecraft:golden_helmet":4,"irons_spellbooks:netherite_mage_helmet":1,"minecraft:andesite":34,"minecraft:stripped_oak_wood":3,"immersive_aircraft:gyrodyne":3,"botania:magenta_mystical_flower":1,"minecraft:bone_meal":5,"minecraft:experience_bottle":3,"minecraft:netherite_sword":992,"minecraft:flint_and_steel":185,"minecraft:spruce_planks":25,"cataclysm:sandstone_ignite_trap":2,"botania:blue_mushroom":1,"minecraft:spyglass":1,"minecraft:dirt":5010,"botania:twig_wand":5,"minecraft:granite":38,"minecraft:spruce_fence":2,"minecraft:iron_hoe":250,"minecraft:dark_oak_planks":1,"minecraft:smooth_sandstone":8,"minecraft:polished_blackstone_brick_stairs":1,"minecraft:iron_boots":2,"minecraft:light_gray_wool":1,"minecraft:golden_carrot":22,"minecraft:cooked_beef":45,"minecraft:cooked_mutton":5,"minecraft:polished_andesite":1,"minecraft:baked_potato":10,"minecraft:cut_sandstone":25,"minecraft:stonecutter":1,"minecraft:warped_roots":1,"anthropology_items__structures:hunters_machete":996,"minecraft:smoker":5,"farmersdelight:smoked_ham":4,"irons_spellbooks:alchemist_cauldron":1,"minecraft:flower_pot":1,"anthropology_items__structures:limestone_brick":1,"minecraft:apple":1,"minecraft:cherry_door":2,"minecraft:cracked_polished_blackstone_bricks":1,"minecraft:cracked_nether_bricks":1,"minecraft:stone_axe":73,"irons_spellbooks:scroll_forge":1,"minecraft:cherry_stairs":109,"minecraft:white_banner":1,"minecraft:bucket":3,"minecraft:jungle_door":1,"minecraft:pumpkin_pie":12,"minecraft:yellow_bed":3,"minecraft:splash_potion":4},"minecraft:crafted":{"immersive_aircraft:engine":1,"minecraft:pink_bed":2,"minecraft:diamond_shovel":1,"minecraft:lever":4,"sophisticatedbackpacks:crafting_upgrade":1,"sophisticatedbackpacks:copper_backpack":5,"minecraft:wooden_shovel":2,"minecraft:emerald":151,"minecraft:diamond_axe":1,"minecraft:jungle_boat":1,"minecraft:copper_ingot":40,"minecraft:fletching_table":1,"immersive_aircraft:propeller":1,"botania:mana_tablet":1,"minecraft:iron_pickaxe":3,"minecraft:gold_ingot":145,"sophisticatedbackpacks:blasting_upgrade":1,"minecraft:netherite_ingot":1,"minecraft:golden_carrot":12,"sophisticatedbackpacks:stack_upgrade_tier_3":1,"minecraft:diamond_hoe":1,"sophisticatedbackpacks:stack_upgrade_tier_1":1,"minecraft:bone_meal":12,"irons_spellbooks:graybeard_staff":2,"minecraft:pink_dye":7,"minecraft:white_carpet":45,"minecraft:diamond":27,"minecraft:cherry_stairs":104,"minecraft:stone_pickaxe":3,"minecraft:bundle":1,"minecraft:dark_oak_planks":12,"minecraft:golden_helmet":4,"irons_spellbooks:netherite_mage_helmet":1,"botania:lexicon":2,"sophisticatedbackpacks:gold_backpack":13,"minecraft:enchanted_book":7,"minecraft:iron_leggings":1,"minecraft:white_bed":2,"irons_spellbooks:inscription_table":1,"minecraft:mangrove_slab":6,"minecraft:oak_planks":480,"minecraft:stone":147,"irons_spellbooks:alchemist_cauldron":1,"minecraft:mangrove_fence":3,"minecraft:bow":1,"immersive_aircraft:hull":4,"minecraft:copper_block":5,"minecraft:cherry_fence":12,"sophisticatedbackpacks:backpack":2,"minecraft:cauldron":1,"mca:family_tree":1,"minecraft:crafting_table":4,"minecraft:spruce_planks":52,"minecraft:wooden_pickaxe":1,"minecraft:brush":1,"minecraft:cherry_button":32,"minecraft:gold_block":9,"sophisticatedbackpacks:upgrade_base":3,"minecraft:diamond_pickaxe":2,"minecraft:shield":1,"sophisticatedbackpacks:diamond_backpack":10,"minecraft:stick":1191,"minecraft:iron_ingot":31,"irons_spellbooks:magic_cloth":8,"minecraft:cherry_planks":1440,"minecraft:coal":171,"minecraft:fishing_rod":1,"immersive_aircraft:sail":5,"minecraft:furnace":16,"minecraft:piston":2,"sophisticatedbackpacks:stack_upgrade_starter_tier":1,"minecraft:flint_and_steel":5,"irons_spellbooks:scroll_forge":1,"minecraft:polished_deepslate":4,"minecraft:iron_axe":2,"minecraft:iron_hoe":1,"sophisticatedbackpacks:stack_upgrade_tier_2":1,"minecraft:cherry_fence_gate":2,"sophisticatedbackpacks:iron_backpack":8,"immersive_aircraft:airship":1,"minecraft:cooked_beef":14,"immersive_aircraft:boiler":1,"minecraft:mangrove_planks":56,"minecraft:stone_axe":1,"minecraft:air":0,"minecraft:jungle_planks":48,"minecraft:oak_boat":1,"minecraft:white_wool":8,"immersive_aircraft:gyrodyne":1,"minecraft:gold_nugget":189,"minecraft:raw_gold":18,"minecraft:cherry_door":3,"minecraft:stonecutter":1,"minecraft:acacia_planks":48,"minecraft:torch":376,"minecraft:lapis_block":4,"minecraft:diamond_chestplate":2},"minecraft:dropped":{"minecraft:porkchop":10,"minecraft:glow_ink_sac":1,"botania:orange_mushroom":1,"botania:red_mystical_flower":4,"minecraft:glass_bottle":1,"minecraft:cooked_porkchop":3,"minecraft:sandstone_stairs":33,"minecraft:weeping_vines":1,"minecraft:cracked_stone_bricks":1,"minecraft:saddle":1,"minecraft:red_mushroom":8,"minecraft:light_weighted_pressure_plate":1,"minecraft:dirt":5,"botania:rune_earth":2,"minecraft:dark_oak_fence":6,"minecraft:dark_oak_trapdoor":1,"minecraft:tnt_minecart":1,"minecraft:gold_nugget":42,"minecraft:bone_meal":4,"cataclysm:ancient_metal_nugget":8,"minecraft:sand":5,"minecraft:sugar":2,"minecraft:fishing_rod":1,"botania:white_mystical_flower":7,"minecraft:mangrove_slab":2,"minecraft:white_wool":6,"minecraft:danger_pottery_sherd":1,"minecraft:bone":18,"botania:purple_double_flower":2,"minecraft:sugar_cane":60,"minecraft:ancient_debris":1,"minecraft:diamond_block":8,"minecraft:iron_nugget":250,"minecraft:cobbled_deepslate":6,"minecraft:nether_brick":27,"minecraft:netherite_sword":1,"minecraft:obsidian":17,"minecraft:rotten_flesh":51,"minecraft:oak_planks":5,"minecraft:azure_bluet":4,"minecraft:white_bed":1,"botania:manasteel_sword":1,"botania:manasteel_ingot":18,"minecraft:brick_stairs":1,"minecraft:spruce_slab":1,"minecraft:beef":1,"botania:black_lotus":16,"botania:light_gray_mystical_flower":33,"botania:rune_water":2,"minecraft:enchanted_book":1,"minecraft:iron_ingot":19,"botania:blue_double_flower":1,"minecraft:wheat_seeds":104,"minecraft:mourner_pottery_sherd":1,"minecraft:mangrove_trapdoor":1,"minecraft:tnt":36,"minecraft:polished_blackstone":1,"minecraft:iron_helmet":4,"minecraft:feather":6,"minecraft:cobblestone":136,"botania:gray_mystical_flower":4,"minecraft:granite":83,"minecraft:coal_block":8,"minecraft:coal":57,"minecraft:golden_apple":6,"minecraft:polished_andesite":1,"botania:light_blue_mystical_flower":9,"minecraft:jungle_slab":2,"minecraft:golden_carrot":13,"botania:manasteel_pick":2,"minecraft:rose_bush":1,"minecraft:mossy_cobblestone_stairs":4,"minecraft:paper":12,"minecraft:smooth_sandstone":4,"minecraft:skull_pottery_sherd":1,"minecraft:acacia_planks":1,"cataclysm:khopesh":1,"minecraft:bricks":1,"minecraft:iron_boots":1,"minecraft:stone_slab":4,"botania:mana_tablet":3,"minecraft:spruce_fence":3,"minecraft:hay_block":5,"botania:lexicon":2,"minecraft:allium":2,"minecraft:spruce_trapdoor":3,"minecraft:spruce_planks":7,"minecraft:redstone_torch":2,"minecraft:spider_eye":3,"minecraft:sandstone":84,"minecraft:bow":3,"farmersdelight:ham":2,"minecraft:magma_block":2,"botania:lime_mystical_flower":8,"minecraft:quartz_slab":2,"minecraft:moss_block":10,"minecraft:brown_mushroom":5,"minecraft:ender_pearl":26,"minecraft:sandstone_slab":4,"botania:livingrock":18,"minecraft:leather":5,"minecraft:mangrove_planks":1,"create:crimsite":4,"minecraft:polished_blackstone_brick_wall":4,"botania:manasteel_shovel":1,"minecraft:cracked_polished_blackstone_bricks":2,"minecraft:polished_blackstone_brick_stairs":1,"minecraft:cornflower":1,"irons_spellbooks:hogskin":8,"minecraft:crimson_roots":20,"botania:green_mystical_flower":1,"minecraft:cut_sandstone":52,"gravestone:obituary":15,"minecraft:gilded_blackstone":2,"minecraft:polished_blackstone_bricks":4,"minecraft:gold_ingot":123,"minecraft:gravel":49,"minecraft:chiseled_polished_blackstone":6,"minecraft:blackstone":58,"minecraft:spyglass":1,"botania:brown_mystical_flower":5,"minecraft:smooth_sandstone_stairs":9,"minecraft:soul_lantern":1,"botania:purple_mystical_flower":15,"minecraft:carrot":1,"minecraft:gunpowder":10,"minecraft:beetroot_seeds":1,"cataclysm:ancient_metal_ingot":1,"botania:blue_mystical_flower":14,"minecraft:iron_bars":4,"minecraft:arrow":16,"cataclysm:kobolediator_skull":1,"minecraft:netherrack":243,"minecraft:water_bucket":2,"botania:yellow_mystical_flower":17,"minecraft:golden_helmet":2,"minecraft:lilac":1,"minecraft:mossy_cobblestone":19,"minecraft:diamond_leggings":2,"botania:orange_mystical_flower":1,"minecraft:copper_ingot":66,"minecraft:stick":19,"botania:manasteel_axe":1,"irons_spellbooks:scroll":17,"minecraft:mossy_cobblestone_slab":4,"minecraft:diorite":7,"minecraft:smooth_red_sandstone":8,"minecraft:torch":27,"cataclysm:bone_reptile_chestplate":1,"botania:green_mushroom":2,"minecraft:iron_leggings":1,"minecraft:stonecutter":1,"minecraft:tripwire_hook":2,"minecraft:lapis_block":16,"minecraft:chiseled_sandstone":5,"minecraft:dandelion":6,"minecraft:redstone":68,"minecraft:blue_terracotta":1,"botania:purple_mushroom":1,"minecraft:nether_wart":6,"minecraft:raw_copper":14,"botania:blue_mushroom":1,"minecraft:tuff":2,"irons_spellbooks:graybeard_staff":1,"botania:overgrowth_seed":1,"minecraft:flint_and_steel":2,"minecraft:filled_map":1,"minecraft:shield":1,"botania:cyan_mystical_flower":2,"minecraft:diamond_chestplate":1,"minecraft:iron_chestplate":2,"minecraft:mossy_stone_bricks":1,"minecraft:oak_sapling":4,"minecraft:golden_sword":1,"botania:pink_mystical_flower":9,"minecraft:stone_pickaxe":1,"minecraft:wooden_pickaxe":1,"minecraft:raw_gold":2,"minecraft:magma_cream":3,"minecraft:calcite":3,"botania:magenta_mystical_flower":8},"minecraft:custom":{"minecraft:interact_with_crafting_table":89,"minecraft:open_barrel":182,"minecraft:bell_ring":21,"minecraft:eat_cake_slice":17,"minecraft:leave_game":26,"minecraft:time_since_death":359773,"minecraft:damage_blocked_by_shield":2400,"minecraft:play_time":1709333,"minecraft:deaths":12,"minecraft:jump":25853,"minecraft:interact_with_furnace":55,"minecraft:traded_with_villager":42,"minecraft:sleep_in_bed":45,"minecraft:damage_dealt":85644,"minecraft:interact_with_smoker":10,"minecraft:interact_with_smithing_table":2,"minecraft:inspect_dispenser":3,"minecraft:horse_one_cm":25526,"minecraft:inspect_dropper":1,"minecraft:interact_with_anvil":6,"minecraft:inspect_hopper":1,"minecraft:damage_dealt_absorbed":540,"minecraft:target_hit":1,"minecraft:sneak_time":62239,"minecraft:interact_with_blast_furnace":12,"minecraft:total_world_time":1709333,"minecraft:tune_noteblock":11,"minecraft:interact_with_stonecutter":1,"minecraft:time_since_rest":101037,"minecraft:swim_one_cm":281773,"minecraft:fly_one_cm":5517934,"minecraft:open_chest":472,"minecraft:fall_one_cm":671760,"minecraft:damage_resisted":24,"minecraft:sprint_one_cm":2920752,"minecraft:drop":537,"minecraft:play_noteblock":2,"minecraft:talked_to_villager":57,"minecraft:walk_on_water_one_cm":108546,"minecraft:interact_with_loom":1,"minecraft:player_kills":1,"minecraft:crouch_one_cm":197692,"minecraft:mob_kills":603,"minecraft:damage_dealt_resisted":448,"minecraft:climb_one_cm":120835,"minecraft:walk_one_cm":4730584,"minecraft:walk_under_water_one_cm":82236,"minecraft:boat_one_cm":183442,"minecraft:damage_taken":18383,"minecraft:damage_absorbed":111,"minecraft:trigger_trapped_chest":20},"minecraft:mined":{"minecraft:dark_oak_planks":4,"minecraft:cut_sandstone_slab":2,"minecraft:white_bed":29,"irons_spellbooks:armor_pile":9,"botania:red_mystical_flower":4,"minecraft:cherry_log":382,"minecraft:chiseled_red_sandstone":1,"minecraft:jungle_leaves":4,"minecraft:obsidian":4,"minecraft:granite":85,"minecraft:red_sand":2,"minecraft:chiseled_polished_blackstone":7,"minecraft:acacia_log":26,"minecraft:smooth_red_sandstone_stairs":1,"minecraft:jungle_log":24,"minecraft:coal_block":8,"minecraft:green_concrete":1,"minecraft:hopper":1,"minecraft:nether_wart":7,"botania:light_gray_mystical_flower":2,"minecraft:spawner":13,"minecraft:weeping_vines_plant":9,"minecraft:polished_blackstone_bricks":40,"minecraft:tall_seagrass":22,"minecraft:magma_block":5,"botania:purple_mystical_flower":11,"minecraft:mossy_cobblestone_stairs":4,"minecraft:dark_oak_trapdoor":1,"minecraft:fire":120,"minecraft:smooth_red_sandstone":20,"minecraft:twisting_vines":1,"minecraft:sculk_shrieker":1,"anthropology_items__structures:limestone_brick":1,"minecraft:quartz_slab":1,"minecraft:oak_stairs":2,"minecraft:smooth_sandstone_stairs":2,"botania:brown_mystical_flower":1,"minecraft:stripped_mangrove_wood":2,"botania:light_blue_mystical_flower":6,"create:limestone":1,"minecraft:tripwire":44,"minecraft:sandstone_slab":1,"minecraft:cut_sandstone":11,"mekanism:osmium_ore":12,"minecraft:red_bed":1,"minecraft:kelp_plant":1,"minecraft:crimson_nylium":45,"minecraft:smoker":8,"minecraft:soul_fire":5,"minecraft:amethyst_cluster":5,"mekanism:block_salt":5,"minecraft:powder_snow":39,"minecraft:torch":151,"minecraft:blast_furnace":6,"minecraft:dead_bush":15,"mekanism:tin_ore":9,"minecraft:nether_brick_slab":1,"minecraft:smooth_quartz_slab":1,"minecraft:cyan_bed":1,"minecraft:sugar_cane":32,"minecraft:bricks":1,"minecraft:smooth_sandstone_slab":1,"botania:black_mystical_flower":2,"minecraft:amethyst_block":4,"mca:cross_headstone":1,"minecraft:wheat":7,"minecraft:lilac":2,"minecraft:warped_fungus":3,"minecraft:grass":177,"minecraft:mangrove_log":6,"minecraft:red_mushroom_block":17,"minecraft:stonecutter":1,"minecraft:deepslate":57,"create:zinc_ore":3,"minecraft:mossy_cobblestone":24,"farmersdelight:wild_carrots":2,"minecraft:birch_fence_gate":1,"minecraft:nether_bricks":6,"minecraft:dark_oak_fence":7,"minecraft:spruce_fence":6,"minecraft:jungle_planks":8,"minecraft:crimson_roots":37,"minecraft:redstone_wire":50,"minecraft:cartography_table":1,"minecraft:moss_block":8,"botania:magenta_mystical_flower":4,"minecraft:red_sandstone":1,"minecraft:andesite":33,"minecraft:diamond_block":6,"minecraft:potatoes":2,"minecraft:vine":6,"minecraft:rail":1,"minecraft:warped_stem":8,"irons_spellbooks:inscription_table":9,"minecraft:white_wool":34,"minecraft:cake":1,"minecraft:mangrove_stairs":1,"botania:lime_mystical_flower":3,"minecraft:glass_pane":1,"minecraft:cherry_planks":114,"minecraft:soul_sand":3,"minecraft:polished_blackstone_brick_wall":13,"minecraft:fire_coral":1,"minecraft:smooth_sandstone":23,"minecraft:cornflower":1,"minecraft:emerald_ore":6,"minecraft:warped_roots":1,"minecraft:copper_ore":46,"minecraft:tall_grass":20,"farmersdelight:wild_tomatoes":2,"minecraft:deepslate_gold_ore":4,"minecraft:diorite":17,"minecraft:warped_wart_block":14,"minecraft:birch_leaves":9,"mekanism:deepslate_fluorite_ore":1,"minecraft:gravel":47,"minecraft:cobweb":36,"mekanism:deepslate_uranium_ore":6,"minecraft:acacia_planks":2,"minecraft:polished_blackstone":3,"minecraft:stone_bricks":11,"minecraft:gold_ore":18,"minecraft:fern":4,"minecraft:spruce_planks":47,"anthropology_items__structures:limestone":9,"minecraft:jungle_slab":6,"minecraft:sculk_vein":56,"minecraft:brewing_stand":1,"minecraft:spruce_trapdoor":1,"cataclysm:sandstone_ignite_trap":24,"minecraft:grass_block":1868,"minecraft:cracked_polished_blackstone_bricks":13,"minecraft:polished_blackstone_brick_slab":15,"minecraft:sandstone_stairs":1,"minecraft:gilded_blackstone":9,"cataclysm:sandstone_poison_dart_trap":1,"minecraft:raw_iron_block":4,"minecraft:mossy_cobblestone_slab":3,"minecraft:glowstone":6,"minecraft:sculk_catalyst":2,"minecraft:iron_ore":148,"minecraft:anvil":3,"minecraft:dark_oak_stairs":4,"botania:green_mushroom":1,"minecraft:red_tulip":1,"minecraft:iron_bars":10,"minecraft:spruce_slab":7,"minecraft:deepslate_redstone_ore":2,"botania:orange_mystical_flower":6,"minecraft:blackstone":59,"minecraft:orange_terracotta":1,"minecraft:soul_lantern":1,"minecraft:calcite":16,"minecraft:chest":7,"minecraft:nether_quartz_ore":58,"minecraft:cobblestone":193,"botania:blue_mystical_flower":8,"minecraft:oak_planks":4,"minecraft:wall_torch":22,"minecraft:pink_petals":75,"botania:blue_mushroom":1,"minecraft:seagrass":14,"minecraft:warped_nylium":8,"minecraft:blue_terracotta":1,"minecraft:dark_oak_slab":1,"minecraft:nether_wart_block":1,"minecraft:orange_tulip":1,"minecraft:tnt":713,"mekanism:deepslate_tin_ore":5,"minecraft:oak_log":102,"minecraft:sand":55,"minecraft:dirt":1476,"minecraft:crimson_planks":4,"minecraft:tripwire_hook":4,"minecraft:potted_red_tulip":1,"minecraft:netherrack":822,"create:crimsite":16,"minecraft:oak_leaves":25,"minecraft:emerald_block":1,"minecraft:nether_gold_ore":13,"minecraft:crying_obsidian":1,"minecraft:tuff":2,"minecraft:quartz_stairs":5,"minecraft:stripped_mangrove_log":6,"minecraft:deepslate_diamond_ore":3,"minecraft:ladder":1,"gravestone:gravestone":12,"minecraft:purple_terracotta":5,"minecraft:decorated_pot":2,"minecraft:brick_stairs":1,"botania:orange_mushroom":1,"minecraft:brown_mushroom_block":1,"minecraft:mangrove_trapdoor":1,"minecraft:sandstone":32,"minecraft:cracked_nether_bricks":1,"minecraft:large_fern":1,"minecraft:hay_block":5,"minecraft:spore_blossom":1,"botania:purple_mushroom":1,"minecraft:spruce_sapling":2,"minecraft:furnace":3,"minecraft:raw_gold_block":4,"minecraft:chiseled_sandstone":3,"create:scorchia":24,"minecraft:peony":1,"minecraft:gold_block":116,"minecraft:nether_brick_fence":2,"minecraft:bookshelf":1,"minecraft:shroomlight":18,"minecraft:deepslate_iron_ore":20,"minecraft:lantern":6,"minecraft:stripped_oak_log":1,"minecraft:packed_ice":1,"minecraft:white_tulip":2,"minecraft:stone":2200,"minecraft:cherry_stairs":21,"minecraft:redstone_wall_torch":2,"minecraft:acacia_leaves":1,"minecraft:scaffolding":5,"minecraft:basalt":12,"minecraft:crafting_table":12,"minecraft:rose_bush":3,"minecraft:sculk_sensor":3,"minecraft:lectern":172,"minecraft:stone_slab":2,"minecraft:lapis_ore":9,"minecraft:polished_blackstone_brick_stairs":8,"minecraft:sculk":201,"botania:pink_mystical_flower":8,"minecraft:spruce_stairs":1,"farmersdelight:wild_beetroots":1,"botania:cyan_mystical_flower":2,"minecraft:cactus":3,"minecraft:bubble_coral":1,"minecraft:redstone_torch":1,"minecraft:black_wall_banner":3,"minecraft:ice":2,"minecraft:yellow_bed":4,"minecraft:mangrove_slab":4,"botania:yellow_mystical_flower":4,"minecraft:coal_ore":221,"minecraft:cherry_leaves":42,"minecraft:cracked_stone_bricks":2,"minecraft:polished_andesite":2,"minecraft:mossy_stone_bricks":5},"minecraft:killed":{"minecraft:cave_spider":4,"minecraft:skeleton":46,"minecraft:chicken":4,"cataclysm:kobolediator":3,"cataclysm:wadjet":1,"minecraft:skeleton_horse":2,"irons_spellbooks:spectral_steed":1,"minecraft:magma_cube":30,"minecraft:salmon":1,"minecraft:iron_golem":1,"minecraft:pillager":20,"minecraft:goat":1,"minecraft:zombie":55,"mca:male_villager":2,"minecraft:cow":17,"mca:female_zombie_villager":1,"minecraft:vindicator":11,"minecraft:horse":12,"cataclysm:koboleton":25,"minecraft:husk":75,"minecraft:rabbit":2,"irons_spellbooks:citadel_keeper":8,"minecraft:wandering_trader":4,"mca:female_villager":1,"minecraft:enderman":15,"minecraft:witch":3,"minecraft:zombified_piglin":6,"minecraft:spider":34,"irons_spellbooks:summoned_skeleton":2,"minecraft:piglin_brute":32,"minecraft:piglin":43,"minecraft:pig":2,"irons_spellbooks:necromancer":4,"minecraft:creeper":22,"minecraft:sheep":12,"minecraft:trader_llama":6,"minecraft:ghast":2,"minecraft:blaze":13,"irons_spellbooks:summoned_zombie":7,"minecraft:phantom":1,"minecraft:drowned":4,"minecraft:hoglin":33,"minecraft:wither_skeleton":21}},"DataVersion":3465}