{"stats":{"minecraft:broken":{"minecraft:golden_boots":1,"minecraft:diamond_helmet":1,"minecraft:iron_boots":2,"minecraft:iron_chestplate":1,"minecraft:iron_leggings":1,"minecraft:diamond_shovel":2,"minecraft:diamond_pickaxe":3,"minecraft:iron_sword":2,"minecraft:iron_axe":1,"minecraft:iron_pickaxe":3,"minecraft:netherite_boots":1,"minecraft:golden_helmet":2,"minecraft:golden_leggings":1,"minecraft:stone_pickaxe":1,"minecraft:flint_and_steel":4},"minecraft:picked_up":{"minecraft:iron_chestplate":2,"minecraft:flower_pot":1,"mekanism:raw_uranium":4,"minecraft:smithing_table":1,"minecraft:lead":2,"botania:black_double_flower":2,"minecraft:brewing_stand":1,"botania:mana_tablet":33,"minecraft:golden_sword":3,"botania:light_blue_double_flower":1,"minecraft:amethyst_block":2,"minecraft:polished_blackstone_brick_stairs":11,"minecraft:string":138,"irons_spellbooks:graybeard_staff":2,"minecraft:red_nether_bricks":2,"minecraft:beetroot":3,"botania:light_gray_double_flower":2,"minecraft:diamond_leggings":1,"minecraft:gold_nugget":108,"minecraft:cobbled_deepslate":4,"minecraft:spruce_planks":12,"botania:hydroangeas":12,"minecraft:enchanted_golden_apple":1,"minecraft:melon_slice":5,"minecraft:coal_block":8,"minecraft:golden_helmet":3,"minecraft:polished_blackstone_brick_slab":29,"minecraft:polished_blackstone_stairs":1,"minecraft:acacia_log":29,"cataclysm:kobolediator_skull":3,"minecraft:sandstone_wall":8,"minecraft:golden_axe":4,"minecraft:cherry_log":3,"mekanism:raw_tin":19,"minecraft:waxed_cut_copper_stairs":2,"botania:white_mystical_flower":15,"botania:manasteel_ingot":73,"botania:orange_double_flower":2,"botania:livingrock":55,"farmersdelight:onion":2,"minecraft:blackstone_wall":3,"farmersdelight:rope":1,"botania:livingwood_log":72,"minecraft:blaze_rod":7,"botania:blue_double_flower":4,"minecraft:iron_bars":8,"minecraft:birch_log":59,"minecraft:dune_armor_trim_smithing_template":2,"minecraft:mossy_cobblestone_slab":1,"minecraft:feather":16,"minecraft:water_bucket":2,"minecraft:jungle_log":7,"minecraft:smoker":2,"minecraft:flint":2,"farmersdelight:tomato":1,"minecraft:mangrove_slab":1,"minecraft:lantern":2,"cataclysm:koboleton_bone":26,"minecraft:chipped_anvil":2,"minecraft:dark_oak_sign":12,"minecraft:rabbit":1,"minecraft:glowstone_dust":5,"minecraft:moss_block":1,"botania:mana_pool":4,"botania:red_mystical_flower":11,"botania:gray_double_flower":1,"minecraft:chiseled_polished_blackstone":24,"botania:pink_double_flower":1,"minecraft:ink_sac":3,"minecraft:dispenser":3,"minecraft:blue_terracotta":3,"create:crimsite":5,"minecraft:lever":1,"cataclysm:sandstone_falling_trap":3,"botania:orange_mushroom":2,"minecraft:granite":101,"minecraft:dark_oak_fence":2,"minecraft:crimson_roots":9,"sophisticatedbackpacks:gold_backpack":1,"minecraft:crafting_table":29,"minecraft:coarse_dirt":15,"minecraft:sandstone_slab":6,"minecraft:nether_wart":16,"irons_spellbooks:tarnished_helmet":1,"gravestone:obituary":4,"minecraft:yellow_candle":8,"minecraft:cornflower":4,"botania:endoflame":10,"minecraft:flint_and_steel":3,"minecraft:netherite_scrap":3,"minecraft:netherite_sword":1,"botania:pure_daisy":9,"minecraft:beef":51,"minecraft:iron_nugget":222,"minecraft:poppy":1,"minecraft:spruce_slab":6,"minecraft:birch_sapling":4,"minecraft:egg":9,"minecraft:sandstone":1055,"minecraft:stone":128,"minecraft:raw_gold_block":2,"botania:purple_mushroom":2,"sophisticatedbackpacks:backpack":2,"minecraft:fire_charge":7,"farmersdelight:tomato_seeds":4,"minecraft:skull_pottery_sherd":2,"minecraft:mangrove_sign":1,"minecraft:carrot":30,"minecraft:redstone":87,"minecraft:jungle_sign":5,"botania:overgrowth_seed":1,"botania:black_lotus":16,"minecraft:tnt":519,"botania:runic_altar":1,"minecraft:diamond_chestplate":1,"minecraft:decorated_pot":4,"minecraft:beetroot_seeds":21,"minecraft:peony":4,"botania:apothecary_default":1,"minecraft:hay_block":105,"botania:blue_mystical_flower":21,"minecraft:sandstone_stairs":28,"minecraft:yellow_terracotta":19,"minecraft:gold_ingot":20,"sophisticatedbackpacks:copper_backpack":2,"minecraft:polished_blackstone":9,"botania:green_mystical_flower":12,"minecraft:mutton":12,"minecraft:white_wool":15,"minecraft:oxeye_daisy":2,"minecraft:stripped_oak_log":1,"minecraft:bamboo_stairs":1,"minecraft:smooth_red_sandstone_stairs":1,"minecraft:smooth_red_sandstone":14,"mekanism:raw_lead":15,"botania:rune_fire":2,"botania:rune_earth":2,"minecraft:red_mushroom":8,"irons_spellbooks:silver_ring":1,"minecraft:filled_map":2,"botania:light_gray_mushroom":1,"botania:green_double_flower":1,"minecraft:oak_log":189,"botania:rune_mana":1,"minecraft:ancient_debris":1,"anthropology_items__structures:limestone":40,"minecraft:white_banner":2,"minecraft:apple":6,"minecraft:mangrove_planks":1,"minecraft:iron_sword":1,"botania:mana_spreader":2,"botania:purple_double_flower":2,"minecraft:smooth_basalt":1,"minecraft:cracked_nether_bricks":1,"minecraft:spyglass":1,"minecraft:gravel":203,"minecraft:orange_candle":1,"botania:rune_air":2,"minecraft:crying_obsidian":15,"botania:red_double_flower":1,"botania:orange_mystical_flower":2,"minecraft:painting":1,"minecraft:polished_blackstone_brick_wall":6,"minecraft:warped_roots":3,"cataclysm:sandstone_poison_dart_trap":1,"botania:brown_mystical_flower":13,"minecraft:ender_pearl":30,"irons_spellbooks:scroll":9,"minecraft:redstone_block":3,"minecraft:nether_brick_fence":2,"botania:blue_mushroom":2,"botania:bergamute":5,"minecraft:potion":5,"minecraft:gilded_blackstone":8,"minecraft:nether_brick":33,"botania:rune_water":4,"minecraft:crimson_planks":18,"minecraft:lapis_block":18,"botania:mana_pearl":29,"minecraft:raw_copper":159,"minecraft:purple_banner":4,"irons_spellbooks:arcane_essence":22,"botania:mana_powder":3,"minecraft:rose_bush":5,"minecraft:redstone_torch":6,"minecraft:calcite":16,"cataclysm:khopesh":4,"irons_spellbooks:inscription_table":4,"minecraft:smooth_quartz_stairs":1,"minecraft:iron_boots":1,"minecraft:furnace":28,"minecraft:stick":97,"botania:lexicon":2,"botania:cyan_double_flower":1,"minecraft:birch_trapdoor":1,"botania:yellow_petal":1,"minecraft:oak_fence":6,"minecraft:torch":296,"botania:yellow_mystical_flower":30,"minecraft:porkchop":105,"minecraft:crimson_button":1,"minecraft:diorite":54,"minecraft:rotten_flesh":146,"botania:light_gray_mystical_flower":46,"create:veridium":1,"minecraft:obsidian":40,"minecraft:cobblestone":4468,"minecraft:pink_petals":3,"minecraft:lilac":1,"minecraft:repeater":5,"minecraft:cherry_planks":4,"minecraft:andesite":55,"minecraft:golden_leggings":1,"minecraft:potato":6,"minecraft:smooth_sandstone_stairs":16,"create:raw_zinc":12,"minecraft:wither_skeleton_skull":1,"minecraft:lapis_lazuli":61,"minecraft:dirt":10256,"minecraft:cut_sandstone_slab":12,"botania:mana_diamond":26,"minecraft:leather_boots":2,"irons_spellbooks:hogskin":32,"minecraft:bone":93,"minecraft:acacia_planks":4,"botania:cyan_mystical_flower":5,"minecraft:bow":1,"minecraft:wheat_seeds":138,"botania:pink_mystical_flower":15,"minecraft:raw_gold":29,"botania:purple_mystical_flower":27,"minecraft:grindstone":1,"minecraft:oak_planks":7,"botania:gray_mystical_flower":10,"minecraft:cooked_porkchop":6,"botania:yellow_double_flower":1,"minecraft:oak_pressure_plate":1,"minecraft:sand":4984,"minecraft:jungle_planks":56,"minecraft:diamond_block":18,"farmersdelight:ham":2,"minecraft:jungle_slab":2,"minecraft:spectral_arrow":40,"minecraft:chiseled_sandstone":18,"minecraft:mossy_cobblestone":19,"minecraft:sugar":1,"minecraft:diamond":4,"minecraft:soul_lantern":1,"botania:manasteel_sword":1,"minecraft:cracked_polished_blackstone_bricks":10,"irons_spellbooks:invisibility_ring":1,"botania:manasteel_pick":2,"minecraft:grass":10,"minecraft:golden_apple":7,"cataclysm:ancient_metal_nugget":17,"minecraft:spruce_sign":5,"minecraft:emerald":6,"cataclysm:sandstone_ignite_trap":11,"minecraft:chiseled_red_sandstone":1,"minecraft:oak_sapling":46,"minecraft:netherrack":697,"minecraft:end_stone_bricks":1,"minecraft:fishing_rod":1,"minecraft:charcoal":2,"minecraft:allium":3,"minecraft:azure_bluet":2,"minecraft:splash_potion":3,"minecraft:chicken":12,"minecraft:ladder":4,"minecraft:brown_mushroom":5,"minecraft:gold_block":222,"minecraft:chain":4,"botania:manasteel_shovel":1,"minecraft:shield":4,"minecraft:oak_trapdoor":6,"minecraft:moss_carpet":3,"minecraft:birch_fence":6,"botania:magenta_mystical_flower":13,"minecraft:cyan_carpet":2,"minecraft:blackstone":215,"minecraft:blue_orchid":2,"minecraft:candle":2,"botania:diluted_pool":2,"minecraft:player_head":17,"minecraft:sugar_cane":196,"minecraft:phantom_membrane":1,"minecraft:raw_iron":166,"minecraft:stripped_mangrove_wood":3,"minecraft:copper_ingot":66,"botania:manastar":7,"botania:green_mushroom":3,"minecraft:note_block":1,"minecraft:polished_blackstone_bricks":41,"botania:lime_double_flower":1,"botania:terrasteel_ingot":12,"minecraft:stone_pressure_plate":3,"minecraft:purple_terracotta":2,"minecraft:dark_oak_planks":3,"minecraft:smooth_sandstone_slab":11,"minecraft:arrow":71,"botania:lime_mystical_flower":26,"minecraft:nether_bricks":39,"botania:magenta_double_flower":1,"botania:terra_pick":1,"minecraft:golden_carrot":13,"minecraft:crimson_stem":20,"minecraft:glow_ink_sac":1,"minecraft:cut_sandstone":514,"minecraft:leather":53,"minecraft:birch_planks":9,"botania:blacker_lotus":4,"minecraft:crimson_fungus":1,"minecraft:nether_wart_block":4,"minecraft:gunpowder":13,"botania:light_blue_mystical_flower":22,"botania:black_mystical_flower":23,"minecraft:smooth_sandstone":60,"minecraft:red_nether_brick_stairs":1,"minecraft:gray_carpet":6,"minecraft:red_sandstone":6,"minecraft:iron_ingot":36,"minecraft:cooked_chicken":1,"minecraft:stripped_oak_wood":4,"immersive_aircraft:airship":2,"irons_spellbooks:cinder_essence":6,"minecraft:acacia_sapling":2,"minecraft:soul_sand":62,"minecraft:book":100,"minecraft:scaffolding":3,"minecraft:emerald_block":1,"minecraft:quartz":185,"minecraft:dandelion":12,"minecraft:amethyst_shard":10,"minecraft:white_bed":18,"minecraft:nether_brick_slab":2,"mekanism:raw_osmium":37,"minecraft:spider_eye":12,"cataclysm:bone_reptile_chestplate":1,"cataclysm:ancient_metal_ingot":13,"minecraft:cherry_sapling":24,"minecraft:mossy_cobblestone_stairs":2,"minecraft:black_wool":1,"minecraft:coal":591,"minecraft:sunflower":1},"minecraft:killed_by":{"minecraft:piglin_brute":3,"minecraft:pillager":1,"minecraft:vindicator":1,"minecraft:player":1},"minecraft:used":{"irons_spellbooks:inscription_table":1,"minecraft:moss_block":1,"minecraft:red_nether_brick_stairs":1,"minecraft:rotten_flesh":7,"minecraft:dispenser":1,"immersive_aircraft:airship":2,"minecraft:chest":2,"minecraft:ladder":2,"minecraft:poppy":1,"minecraft:stone":32,"botania:manastar":7,"minecraft:soul_sand":1,"minecraft:jungle_slab":2,"minecraft:acacia_sapling":2,"minecraft:yellow_candle":8,"minecraft:azure_bluet":1,"botania:manasteel_sword":18,"minecraft:bow":20,"minecraft:oak_sapling":5,"minecraft:furnace":28,"botania:overgrowth_seed":1,"minecraft:diorite":7,"minecraft:end_stone_bricks":1,"botania:livingrock":6,"minecraft:blackstone":22,"create:crimsite":3,"irons_spellbooks:tarnished_helmet":1,"botania:diluted_pool":3,"minecraft:stripped_mangrove_wood":2,"minecraft:golden_apple":8,"minecraft:glow_berries":7,"minecraft:sand":1471,"minecraft:cut_sandstone_slab":1,"minecraft:chiseled_sandstone":3,"minecraft:cyan_carpet":2,"botania:manasteel_pick":331,"minecraft:oak_pressure_plate":2,"minecraft:diamond_sword":400,"minecraft:nether_wart_block":4,"minecraft:wooden_sword":59,"botania:pure_daisy":9,"cataclysm:sandstone_poison_dart_trap":1,"minecraft:smithing_table":1,"minecraft:birch_log":47,"minecraft:waxed_cut_copper_stairs":2,"minecraft:polished_blackstone_brick_slab":1,"minecraft:acacia_log":2,"botania:spark":2,"minecraft:netherrack":393,"minecraft:torch":1794,"minecraft:iron_axe":241,"minecraft:smooth_basalt":1,"minecraft:beef":14,"botania:mana_pool":5,"minecraft:cherry_log":1,"minecraft:acacia_planks":50,"minecraft:calcite":5,"minecraft:water_bucket":215,"botania:endoflame":10,"minecraft:smooth_sandstone_slab":1,"botania:mana_spreader":4,"minecraft:cherry_planks":4,"minecraft:polished_blackstone_bricks":17,"minecraft:mossy_cobblestone":2,"minecraft:diamond_block":1,"minecraft:tnt":415,"minecraft:oak_slab":2,"minecraft:crafting_table":31,"minecraft:white_bed":17,"minecraft:mangrove_sign":1,"botania:apothecary_default":2,"minecraft:cake":1,"minecraft:oak_log":31,"botania:bergamute":5,"minecraft:diamond_pickaxe":5666,"minecraft:diamond_shovel":3928,"minecraft:sunflower":1,"minecraft:iron_pickaxe":826,"botania:green_mushroom":1,"minecraft:cobblestone":661,"minecraft:potion":2,"minecraft:porkchop":31,"minecraft:cooked_porkchop":31,"cataclysm:bone_reptile_helmet":2,"minecraft:candle":2,"minecraft:blue_terracotta":2,"minecraft:cherry_sapling":16,"minecraft:decorated_pot":1,"minecraft:shield":45,"minecraft:iron_sword":661,"minecraft:smooth_sandstone_stairs":3,"minecraft:mutton":10,"minecraft:nether_bricks":35,"minecraft:carrot":92,"minecraft:obsidian":19,"minecraft:iron_helmet":1,"minecraft:crimson_roots":2,"minecraft:birch_trapdoor":1,"minecraft:gold_block":23,"botania:runic_altar":2,"cataclysm:bone_reptile_chestplate":1,"minecraft:dropper":1,"minecraft:stone_pickaxe":131,"minecraft:gray_carpet":6,"minecraft:dark_oak_sign":12,"minecraft:oak_planks":10,"minecraft:sandstone":421,"minecraft:diamond_axe":45,"minecraft:white_wool":6,"minecraft:shears":7,"botania:terra_pick":78,"minecraft:redstone_torch":5,"minecraft:bread":342,"farmersdelight:ham":2,"minecraft:gravel":12,"botania:manasteel_shovel":40,"minecraft:andesite":22,"minecraft:stripped_oak_wood":1,"minecraft:coarse_dirt":1,"minecraft:cobweb":21,"botania:hydroangeas":12,"minecraft:oak_fence":2,"minecraft:rose_bush":2,"minecraft:flint_and_steel":320,"minecraft:cooked_chicken":7,"minecraft:dirt":5581,"minecraft:spyglass":193,"cataclysm:sandstone_falling_trap":2,"botania:twig_wand":223,"minecraft:granite":16,"farmersdelight:rope":1,"minecraft:smooth_sandstone":25,"minecraft:crimson_planks":3,"minecraft:iron_boots":2,"minecraft:golden_carrot":13,"minecraft:stone_pressure_plate":1,"minecraft:cooked_beef":13,"minecraft:red_nether_bricks":1,"minecraft:cut_sandstone":85,"minecraft:spruce_sign":1,"farmersdelight:onion":1,"anthropology_items__structures:hunters_machete":267,"botania:terra_plate":1,"minecraft:apple":3,"minecraft:cracked_polished_blackstone_bricks":7,"minecraft:map":1,"botania:manasteel_axe":178,"minecraft:stone_axe":86,"minecraft:pink_petals":3,"minecraft:crimson_fungus":1,"minecraft:bucket":222,"minecraft:lapis_block":6,"minecraft:splash_potion":3},"minecraft:crafted":{"botania:green_petal":4,"botania:manasteel_block":1,"mekanism:ingot_osmium":1,"minecraft:blaze_powder":4,"minecraft:oak_pressure_plate":1,"minecraft:chain":6,"botania:mana_pool":1,"minecraft:diamond_shovel":4,"botania:red_petal":10,"botania:twig_wand":2,"minecraft:diamond_leggings":1,"sophisticatedbackpacks:copper_backpack":5,"botania:light_gray_petal":4,"botania:manasteel_helmet":1,"irons_spellbooks:scroll":1,"botania:manasteel_shovel":1,"minecraft:emerald":81,"minecraft:cooked_porkchop":40,"minecraft:diamond_axe":1,"minecraft:copper_ingot":51,"botania:livingwood_twig":30,"botania:runic_altar":1,"minecraft:golden_leggings":1,"minecraft:iron_pickaxe":4,"minecraft:gold_ingot":144,"minecraft:netherite_ingot":2,"botania:manasteel_leggings":1,"minecraft:iron_nugget":27,"botania:blue_petal":6,"minecraft:bone_meal":3,"minecraft:white_carpet":3,"botania:black_petal":8,"minecraft:diamond":9,"botania:white_petal":8,"minecraft:stone_pickaxe":1,"minecraft:diamond_boots":1,"botania:light_blue_petal":2,"botania:redstone_root":1,"minecraft:wheat":945,"minecraft:coal_block":1,"botania:manasteel_pick":1,"botania:mana_spreader":2,"irons_spellbooks:conjurers_talisman":1,"sophisticatedbackpacks:gold_backpack":6,"minecraft:glowstone":1,"minecraft:iron_leggings":3,"botania:terra_sword":1,"minecraft:white_bed":2,"irons_spellbooks:diamond_spell_book":2,"minecraft:oak_planks":256,"botania:manasteel_boots":1,"irons_spellbooks:iron_spell_book":2,"minecraft:cooked_chicken":6,"botania:livingrock_slab":6,"botania:gray_petal":4,"cataclysm:bone_reptile_helmet":2,"minecraft:bow":1,"minecraft:iron_boots":3,"minecraft:chest":5,"minecraft:golden_boots":1,"minecraft:dropper":1,"botania:cyan_petal":6,"minecraft:oak_slab":6,"sophisticatedbackpacks:backpack":3,"mca:family_tree":2,"botania:terra_plate":1,"minecraft:crafting_table":5,"minecraft:iron_helmet":3,"cataclysm:ancient_metal_ingot":1,"minecraft:gold_block":1,"minecraft:birch_planks":48,"minecraft:dispenser":1,"minecraft:iron_chestplate":2,"minecraft:paper":6,"minecraft:diamond_pickaxe":4,"sophisticatedbackpacks:diamond_backpack":5,"minecraft:stick":244,"minecraft:iron_ingot":103,"minecraft:redstone_torch":1,"botania:apothecary_default":1,"irons_spellbooks:magic_cloth":4,"minecraft:shears":1,"cataclysm:bone_reptile_chestplate":2,"minecraft:wooden_sword":1,"botania:brown_petal":8,"botania:spark":2,"minecraft:redstone":27,"minecraft:coal":72,"botania:terra_pick":1,"minecraft:furnace":2,"minecraft:flint_and_steel":2,"minecraft:iron_axe":1,"botania:manasteel_chestplate":1,"botania:diluted_pool":1,"sophisticatedbackpacks:iron_backpack":7,"minecraft:cooked_beef":46,"botania:terra_axe":1,"minecraft:crimson_planks":80,"minecraft:diamond_sword":1,"botania:yellow_petal":6,"minecraft:iron_sword":1,"minecraft:stone_axe":1,"minecraft:air":0,"minecraft:bread":315,"botania:orange_petal":2,"minecraft:white_wool":13,"botania:manasteel_sword":1,"minecraft:raw_gold":18,"botania:manasteel_axe":1,"minecraft:acacia_planks":108,"minecraft:torch":976},"minecraft:dropped":{"sophisticatedbackpacks:iron_backpack":1,"minecraft:iron_sword":2,"minecraft:porkchop":35,"minecraft:lapis_lazuli":64,"minecraft:stripped_mangrove_wood":1,"minecraft:cooked_beef":25,"botania:orange_mushroom":1,"minecraft:glow_ink_sac":1,"minecraft:glass_bottle":2,"minecraft:diamond":26,"minecraft:cooked_porkchop":1,"minecraft:crafting_table":2,"minecraft:sandstone_stairs":23,"cataclysm:sandstone_ignite_trap":11,"minecraft:warped_roots":3,"botania:mana_pearl":1,"sophisticatedbackpacks:gold_backpack":1,"minecraft:dirt":113,"minecraft:grass":3,"minecraft:birch_fence":6,"irons_spellbooks:silver_ring":1,"minecraft:dark_oak_fence":2,"irons_spellbooks:cinder_essence":6,"minecraft:netherite_boots":1,"botania:terra_pick":1,"irons_spellbooks:arcane_essence":52,"minecraft:chain":2,"minecraft:wooden_sword":1,"minecraft:gold_nugget":61,"minecraft:sand":49,"minecraft:iron_pickaxe":1,"minecraft:sugar":1,"irons_spellbooks:invisibility_ring":1,"botania:light_blue_petal":2,"minecraft:dark_oak_planks":1,"botania:white_mystical_flower":7,"minecraft:mangrove_slab":1,"minecraft:white_wool":14,"minecraft:bone":105,"minecraft:note_block":1,"botania:purple_double_flower":1,"minecraft:stone_axe":1,"minecraft:ancient_debris":1,"minecraft:diamond_block":7,"minecraft:iron_nugget":155,"minecraft:cobbled_deepslate":4,"minecraft:nether_brick":31,"minecraft:netherite_sword":1,"minecraft:wheat":2,"minecraft:obsidian":1,"minecraft:rotten_flesh":162,"minecraft:oak_planks":10,"minecraft:glowstone_dust":1,"minecraft:nether_brick_fence":2,"minecraft:azure_bluet":1,"minecraft:white_bed":3,"irons_spellbooks:inscription_table":3,"mekanism:raw_tin":10,"botania:manasteel_sword":2,"minecraft:salmon":3,"botania:manasteel_ingot":11,"minecraft:tipped_arrow":7,"minecraft:jungle_log":7,"minecraft:leather_boots":2,"minecraft:ladder":2,"minecraft:spruce_slab":6,"minecraft:painting":1,"minecraft:red_nether_bricks":1,"minecraft:crying_obsidian":2,"botania:brown_petal":8,"botania:black_lotus":28,"botania:light_gray_mystical_flower":14,"botania:rune_water":2,"minecraft:egg":9,"minecraft:crimson_planks":93,"farmersdelight:tomato_seeds":4,"minecraft:golden_boots":1,"minecraft:iron_ingot":95,"botania:blue_double_flower":1,"botania:blacker_lotus":68,"minecraft:wheat_seeds":55,"minecraft:tnt":10,"minecraft:polished_blackstone":8,"minecraft:smooth_quartz_stairs":1,"anthropology_items__structures:hunters_machete":3,"minecraft:cobblestone":188,"minecraft:oak_fence":4,"minecraft:iron_helmet":4,"minecraft:feather":9,"minecraft:book":32,"botania:gray_mystical_flower":4,"minecraft:granite":45,"mca:family_tree":2,"minecraft:coal":187,"minecraft:polished_blackstone_stairs":1,"botania:light_blue_mystical_flower":6,"minecraft:oxeye_daisy":1,"minecraft:cobweb":2,"minecraft:ink_sac":3,"botania:manasteel_pick":3,"minecraft:lodestone":3,"minecraft:rose_bush":3,"minecraft:rabbit":1,"minecraft:potion":4,"minecraft:smooth_sandstone_slab":10,"minecraft:white_banner":2,"minecraft:mossy_cobblestone_stairs":2,"minecraft:paper":3,"minecraft:string":50,"minecraft:smooth_sandstone":21,"minecraft:acacia_planks":5,"create:raw_zinc":12,"minecraft:skull_pottery_sherd":2,"cataclysm:khopesh":4,"minecraft:furnace":2,"minecraft:chiseled_red_sandstone":1,"minecraft:chicken":3,"minecraft:iron_boots":3,"botania:mana_tablet":32,"minecraft:nether_bricks":4,"minecraft:potato":2,"minecraft:flower_pot":1,"botania:lexicon":1,"minecraft:allium":3,"minecraft:peony":4,"minecraft:spruce_planks":12,"botania:twig_wand":1,"minecraft:stone_pressure_plate":2,"minecraft:spider_eye":10,"minecraft:sandstone":151,"irons_spellbooks:iron_spell_book":1,"minecraft:blue_orchid":2,"minecraft:bow":2,"cataclysm:sandstone_falling_trap":1,"botania:lime_mystical_flower":6,"farmersdelight:tomato":1,"minecraft:black_wool":1,"botania:blue_petal":5,"minecraft:spruce_sign":4,"minecraft:soul_sand":55,"minecraft:birch_planks":7,"minecraft:oak_log":12,"minecraft:ender_pearl":44,"botania:cyan_petal":5,"minecraft:sandstone_slab":5,"botania:livingrock":25,"minecraft:lantern":2,"minecraft:leather":9,"minecraft:mangrove_planks":1,"create:crimsite":2,"minecraft:polished_blackstone_brick_wall":6,"botania:manasteel_shovel":1,"minecraft:flint":2,"minecraft:cracked_polished_blackstone_bricks":2,"minecraft:polished_blackstone_brick_stairs":10,"minecraft:dispenser":2,"irons_spellbooks:hogskin":7,"minecraft:cornflower":4,"minecraft:crimson_roots":6,"botania:green_mystical_flower":1,"minecraft:cut_sandstone":320,"gravestone:obituary":16,"farmersdelight:onion":1,"minecraft:jungle_sign":5,"minecraft:gilded_blackstone":8,"minecraft:polished_blackstone_bricks":23,"botania:white_petal":8,"minecraft:gold_ingot":125,"minecraft:gravel":175,"minecraft:white_tulip":2,"minecraft:chiseled_polished_blackstone":24,"mekanism:ingot_osmium":1,"minecraft:blackstone":179,"minecraft:spyglass":1,"irons_spellbooks:diamond_spell_book":1,"botania:brown_mystical_flower":4,"minecraft:smooth_sandstone_stairs":13,"minecraft:soul_lantern":1,"minecraft:purple_banner":4,"minecraft:cherry_sapling":8,"minecraft:beetroot":8,"botania:purple_mystical_flower":8,"minecraft:diamond_shovel":1,"sophisticatedbackpacks:diamond_backpack":1,"minecraft:sandstone_wall":8,"minecraft:leather_chestplate":1,"minecraft:gunpowder":31,"minecraft:skeleton_skull":2,"minecraft:beetroot_seeds":21,"botania:redstone_root":1,"minecraft:iron_bars":7,"minecraft:arrow":37,"minecraft:smooth_red_sandstone_stairs":1,"minecraft:cracked_nether_bricks":1,"minecraft:scaffolding":3,"minecraft:quartz":18,"minecraft:netherrack":304,"cataclysm:bone_reptile_helmet":1,"minecraft:water_bucket":1,"minecraft:bread":135,"minecraft:purple_terracotta":2,"botania:yellow_mystical_flower":13,"minecraft:golden_helmet":2,"minecraft:lilac":1,"minecraft:mossy_cobblestone":6,"botania:yellow_petal":1,"botania:red_petal":5,"botania:green_petal":4,"minecraft:golden_axe":4,"minecraft:lead":2,"minecraft:spectral_arrow":35,"minecraft:amethyst_block":2,"minecraft:stick":3,"irons_spellbooks:scroll":8,"botania:manasteel_axe":1,"minecraft:smooth_red_sandstone":14,"minecraft:mossy_cobblestone_slab":1,"minecraft:diorite":24,"cataclysm:bone_reptile_chestplate":2,"minecraft:repeater":3,"anthropology_items__structures:limestone":21,"botania:orange_petal":1,"minecraft:map":2,"botania:green_mushroom":1,"minecraft:fire_charge":3,"minecraft:iron_leggings":3,"mekanism:raw_lead":7,"mekanism:raw_osmium":32,"minecraft:polished_blackstone_brick_slab":28,"irons_spellbooks:common_ink":1,"minecraft:chiseled_sandstone":15,"minecraft:dandelion":12,"minecraft:redstone":20,"minecraft:nether_brick_slab":2,"minecraft:blue_terracotta":1,"botania:purple_mushroom":1,"minecraft:oak_trapdoor":6,"minecraft:nether_wart":7,"botania:yellow_double_flower":1,"minecraft:raw_copper":29,"botania:light_gray_petal":4,"botania:blue_mushroom":1,"minecraft:raw_iron":83,"irons_spellbooks:graybeard_staff":1,"minecraft:smoker":2,"minecraft:flint_and_steel":2,"minecraft:filled_map":4,"minecraft:bamboo_stairs":1,"minecraft:shield":3,"create:veridium":1,"minecraft:iron_chestplate":4,"minecraft:andesite":26,"minecraft:golden_leggings":1,"minecraft:oak_sapling":2,"minecraft:golden_sword":2,"minecraft:raw_gold":11,"minecraft:calcite":11,"botania:magenta_mystical_flower":5},"minecraft:custom":{"minecraft:interact_with_crafting_table":139,"minecraft:open_barrel":155,"minecraft:bell_ring":1,"minecraft:eat_cake_slice":10,"minecraft:leave_game":26,"minecraft:time_since_death":324866,"minecraft:damage_blocked_by_shield":2295,"minecraft:play_time":1606100,"minecraft:deaths":12,"minecraft:jump":26167,"minecraft:interact_with_furnace":78,"minecraft:traded_with_villager":2,"minecraft:sleep_in_bed":48,"minecraft:damage_dealt":78584,"minecraft:interact_with_smoker":12,"minecraft:interact_with_smithing_table":6,"minecraft:inspect_dispenser":13,"minecraft:horse_one_cm":5756,"minecraft:inspect_dropper":58,"minecraft:interact_with_anvil":1,"minecraft:damage_dealt_absorbed":323,"minecraft:target_hit":5,"minecraft:sneak_time":58244,"minecraft:interact_with_blast_furnace":9,"minecraft:total_world_time":1606100,"minecraft:tune_noteblock":16,"minecraft:interact_with_stonecutter":1,"minecraft:time_since_rest":108286,"minecraft:swim_one_cm":251036,"minecraft:fly_one_cm":5160912,"minecraft:open_chest":426,"minecraft:fall_one_cm":662096,"minecraft:sprint_one_cm":3136531,"minecraft:drop":1142,"minecraft:play_noteblock":1,"minecraft:talked_to_villager":18,"minecraft:walk_on_water_one_cm":139385,"minecraft:interact_with_loom":1,"minecraft:player_kills":1,"minecraft:crouch_one_cm":194321,"minecraft:mob_kills":580,"minecraft:damage_dealt_resisted":150,"minecraft:climb_one_cm":94036,"minecraft:walk_one_cm":4800273,"minecraft:walk_under_water_one_cm":83090,"minecraft:boat_one_cm":134207,"minecraft:damage_taken":29966,"minecraft:damage_absorbed":249,"minecraft:trigger_trapped_chest":17},"minecraft:mined":{"minecraft:dark_oak_planks":3,"botania:mana_pool":4,"minecraft:white_bed":15,"irons_spellbooks:armor_pile":2,"botania:red_mystical_flower":8,"minecraft:cherry_log":1,"minecraft:jungle_leaves":2,"minecraft:red_nether_bricks":2,"minecraft:obsidian":13,"minecraft:acacia_log":27,"minecraft:granite":113,"minecraft:chiseled_polished_blackstone":24,"minecraft:red_sand":2,"botania:livingwood_log":72,"minecraft:oak_pressure_plate":1,"botania:black_double_flower":2,"minecraft:crimson_fungus":1,"minecraft:nether_wart":5,"botania:light_gray_mystical_flower":32,"minecraft:spawner":41,"minecraft:polished_blackstone_bricks":38,"minecraft:tall_seagrass":6,"botania:purple_mystical_flower":8,"botania:light_gray_mushroom":1,"minecraft:mossy_cobblestone_stairs":2,"minecraft:fire":37,"minecraft:deepslate_lapis_ore":5,"minecraft:smooth_red_sandstone":2,"minecraft:sculk_shrieker":1,"minecraft:dirt_path":3,"minecraft:smooth_sandstone_stairs":6,"minecraft:stripped_mangrove_wood":3,"botania:brown_mystical_flower":8,"minecraft:blue_orchid":2,"botania:light_blue_mystical_flower":15,"create:veridium":1,"minecraft:player_head":16,"minecraft:tripwire":27,"botania:green_mystical_flower":6,"minecraft:sandstone_slab":6,"minecraft:cut_sandstone":16,"mekanism:osmium_ore":34,"minecraft:crimson_nylium":1,"minecraft:smoker":2,"minecraft:soul_fire":3,"minecraft:amethyst_cluster":2,"minecraft:powder_snow":29,"minecraft:torch":247,"minecraft:note_block":1,"minecraft:melon":1,"botania:purple_double_flower":1,"minecraft:dead_bush":27,"mekanism:tin_ore":16,"botania:endoflame":5,"minecraft:sugar_cane":61,"minecraft:smooth_sandstone_slab":2,"botania:black_mystical_flower":23,"minecraft:amethyst_block":2,"minecraft:chain":5,"minecraft:repeater":2,"minecraft:lilac":2,"minecraft:grass":237,"mekanism:lead_ore":10,"minecraft:sandstone_wall":1,"minecraft:smooth_basalt":1,"create:zinc_ore":7,"botania:orange_double_flower":2,"minecraft:mossy_cobblestone":21,"farmersdelight:wild_carrots":13,"minecraft:cherry_sapling":1,"minecraft:nether_bricks":39,"minecraft:allium":1,"minecraft:dark_oak_fence":1,"minecraft:crimson_roots":5,"botania:cyan_double_flower":1,"minecraft:redstone_wire":10,"minecraft:moss_block":1,"farmersdelight:wild_onions":1,"botania:magenta_mystical_flower":8,"minecraft:red_sandstone":7,"minecraft:andesite":56,"minecraft:diamond_block":2,"minecraft:vine":1,"botania:mana_spreader":2,"minecraft:smooth_quartz_stairs":1,"irons_spellbooks:inscription_table":2,"minecraft:white_wool":1,"minecraft:smithing_table":1,"minecraft:redstone_block":2,"botania:lime_mystical_flower":14,"minecraft:cherry_planks":4,"minecraft:soul_sand":15,"minecraft:polished_blackstone_brick_wall":6,"minecraft:dandelion":3,"minecraft:smooth_sandstone":48,"minecraft:cornflower":3,"minecraft:emerald_ore":2,"minecraft:copper_ore":35,"minecraft:tall_grass":26,"farmersdelight:wild_tomatoes":2,"minecraft:deepslate_gold_ore":8,"minecraft:diorite":53,"minecraft:coarse_dirt":14,"minecraft:birch_leaves":5,"botania:white_mystical_flower":7,"cataclysm:sandstone_falling_trap":3,"minecraft:sunflower":1,"minecraft:gravel":28,"minecraft:cobweb":45,"botania:gray_mystical_flower":6,"mekanism:deepslate_uranium_ore":4,"minecraft:polished_blackstone":8,"minecraft:gold_ore":16,"minecraft:chipped_anvil":2,"minecraft:fern":2,"create:deepslate_zinc_ore":5,"minecraft:spruce_planks":11,"botania:enchanted_soil":1,"minecraft:stone_pressure_plate":3,"anthropology_items__structures:limestone":40,"minecraft:jungle_slab":1,"minecraft:sculk_vein":9,"botania:pink_double_flower":1,"minecraft:potted_cactus":1,"minecraft:brewing_stand":1,"cataclysm:sandstone_ignite_trap":12,"minecraft:budding_amethyst":1,"minecraft:grass_block":2255,"minecraft:cracked_polished_blackstone_bricks":5,"minecraft:polished_blackstone_brick_slab":25,"minecraft:sandstone_stairs":27,"minecraft:gilded_blackstone":6,"cataclysm:sandstone_poison_dart_trap":1,"botania:apothecary_default":1,"minecraft:glowstone":3,"minecraft:mossy_cobblestone_slab":1,"minecraft:sculk_catalyst":3,"minecraft:red_nether_brick_stairs":1,"minecraft:iron_ore":42,"botania:lime_double_flower":1,"botania:green_mushroom":1,"minecraft:iron_bars":7,"minecraft:spruce_slab":5,"minecraft:waxed_cut_copper_stairs":2,"botania:orange_mystical_flower":2,"minecraft:blackstone":65,"botania:diluted_pool":2,"minecraft:bamboo_stairs":1,"botania:green_double_flower":1,"minecraft:calcite":15,"minecraft:poppy":1,"botania:hydroangeas":6,"minecraft:chest":1,"minecraft:nether_quartz_ore":152,"minecraft:cobblestone":236,"botania:blue_mystical_flower":13,"minecraft:grindstone":1,"minecraft:oak_planks":4,"botania:light_gray_double_flower":2,"botania:blue_double_flower":3,"minecraft:wall_torch":9,"botania:bergamute":4,"minecraft:deepslate_copper_ore":2,"minecraft:pink_petals":1,"botania:blue_mushroom":1,"minecraft:seagrass":8,"farmersdelight:sandy_shrub":2,"minecraft:blue_terracotta":3,"minecraft:nether_wart_block":4,"minecraft:lapis_block":2,"minecraft:birch_log":52,"minecraft:birch_trapdoor":1,"minecraft:stripped_oak_wood":4,"minecraft:tnt":455,"mekanism:deepslate_tin_ore":1,"minecraft:oak_log":136,"botania:gray_double_flower":1,"minecraft:dirt":584,"minecraft:sand":1229,"minecraft:crimson_planks":13,"minecraft:dispenser":1,"minecraft:netherrack":554,"create:crimsite":4,"minecraft:oak_leaves":84,"botania:magenta_double_flower":1,"minecraft:emerald_block":1,"minecraft:nether_gold_ore":5,"minecraft:candle":1,"minecraft:glow_lichen":2,"minecraft:ladder":2,"gravestone:gravestone":12,"minecraft:purple_terracotta":2,"minecraft:yellow_candle":4,"minecraft:decorated_pot":6,"botania:orange_mushroom":1,"minecraft:spruce_leaves":5,"minecraft:sandstone":346,"minecraft:cracked_nether_bricks":1,"minecraft:crimson_stem":20,"minecraft:hay_block":105,"botania:purple_mushroom":1,"minecraft:furnace":27,"minecraft:raw_gold_block":2,"minecraft:chiseled_sandstone":5,"botania:manastar":6,"botania:runic_altar":1,"minecraft:gold_block":219,"minecraft:peony":2,"minecraft:nether_brick_fence":2,"minecraft:bookshelf":28,"farmersdelight:rope":1,"minecraft:deepslate_iron_ore":17,"botania:livingrock":32,"botania:pure_daisy":7,"minecraft:stripped_oak_log":1,"botania:light_blue_double_flower":1,"minecraft:stone":3766,"minecraft:redstone_wall_torch":3,"mekanism:deepslate_lead_ore":5,"minecraft:scaffolding":5,"minecraft:acacia_leaves":8,"minecraft:oak_fence":6,"minecraft:crafting_table":30,"botania:yellow_double_flower":1,"minecraft:rose_bush":4,"minecraft:sculk_sensor":2,"minecraft:lapis_ore":11,"minecraft:polished_blackstone_brick_stairs":8,"minecraft:sculk":71,"botania:pink_mystical_flower":8,"farmersdelight:wild_beetroots":2,"botania:cyan_mystical_flower":3,"minecraft:birch_planks":4,"botania:red_double_flower":1,"minecraft:redstone_torch":3,"minecraft:polished_blackstone_stairs":1,"minecraft:ice":1,"minecraft:mangrove_planks":1,"minecraft:bee_nest":1,"minecraft:mangrove_slab":1,"botania:yellow_mystical_flower":13,"minecraft:coal_ore":432,"minecraft:cyan_carpet":2,"minecraft:gray_carpet":6},"minecraft:killed":{"minecraft:cave_spider":4,"irons_spellbooks:summoned_polar_bear":1,"minecraft:skeleton":46,"minecraft:chicken":13,"cataclysm:wadjet":2,"minecraft:magma_cube":7,"minecraft:iron_golem":1,"minecraft:pillager":27,"minecraft:goat":1,"minecraft:zombie":86,"cataclysm:deepling":1,"minecraft:cow":30,"mca:female_zombie_villager":2,"minecraft:vindicator":9,"minecraft:horse":1,"cataclysm:koboleton":15,"minecraft:husk":60,"minecraft:rabbit":2,"irons_spellbooks:citadel_keeper":3,"minecraft:enderman":1,"minecraft:witch":2,"minecraft:zombified_piglin":19,"minecraft:spider":26,"minecraft:bee":2,"irons_spellbooks:summoned_skeleton":6,"minecraft:piglin_brute":33,"minecraft:piglin":47,"minecraft:pig":19,"irons_spellbooks:necromancer":7,"minecraft:creeper":19,"minecraft:sheep":9,"minecraft:ghast":3,"minecraft:blaze":8,"irons_spellbooks:summoned_zombie":7,"minecraft:phantom":1,"minecraft:drowned":4,"minecraft:bat":2,"minecraft:hoglin":16,"minecraft:squid":2,"minecraft:wither_skeleton":19}},"DataVersion":3465}